first_name,last_name,phone,email,password,active,date_created,hire_date,user_type
Olimpia,Kersey,Sigart,osigart0@amazon.com,eVKk0qg>%fxXCB,1,05/10/2023,07/29/2023,user
Ashlan,Ebbitt,Chevers,achevers1@sitemeter.com,"oAP""_XOZ&\Wp",1,08/07/2023,06/29/2023,user
Solly,Castelow,Pinnick,spinnick2@nymag.com,vII!|Sl'#8,1,01/03/2023,06/10/2023,user
Gary,Nalder,Maynell,gmaynell3@umich.edu,hAd/TMp!hC0&},1,12/08/2022,06/18/2023,user
Krishnah,Folbig,Gatsby,kgatsby4@wiley.com,sGKr14r6%HV4?GHQ,1,09/04/2022,06/16/2023,user
Annabelle,Considine,Hymans,ahymans5@auda.org.au,xQ7KJhh!|9'9y+f,1,07/07/2023,02/25/2023,manager
Lanny,Guppie,Troctor,ltroctor6@dedecms.com,rEPH/%Uy=,1,11/05/2022,11/23/2022,manager
Frances,Bleackly,Hanaby,fhanaby7@hugedomains.com,wAd+B0V}ot9ct|k,1,10/16/2022,12/15/2022,manager
Norah,Itzakson,Harbidge,nharbidge8@aboutads.info,pK\9cmv1}wSLY,1,11/04/2022,03/22/2023,manager
Rriocard,Walworth,Sheasby,rsheasby9@goodreads.com,"iKCPDZe!1Q,lj",1,10/12/2022,11/19/2022,manager
Elston,Dicte,Nassey,enasseya@sakura.ne.jp,yGe4?DJ!n&7dWEX,1,02/08/2023,03/26/2023,manager
Troy,Gonin,Sherrington,tsherringtonb@earthlink.net,qRrQM{I&2YU%,1,05/06/2023,07/03/2023,manager
Jordanna,Blessed,Crinson,jcrinsonc@jimdo.com,fH986rSAp},1,11/02/2022,11/30/2022,user
Ronalda,Shewery,Govenlock,rgovenlockd@seattletimes.com,vB>!H=}L$a,1,10/05/2022,12/10/2022,manager
Jaquelyn,Biasio,Baum,jbaume@uiuc.edu,wDtL$x{K{,1,07/07/2023,04/26/2023,user
Sidonia,Tigner,Lavens,slavensf@google.it,"fGi""NlIs$l#>",1,01/26/2023,02/03/2023,manager
Francklyn,St. Ledger,Barnicott,fbarnicottg@umich.edu,"pAr{C<B61""uc1P)}",1,06/22/2023,10/23/2022,user
Donnie,Woakes,Giuroni,dgiuronih@typepad.com,"wZ$$,Y7`{+f'U)q",1,09/05/2022,11/23/2022,manager
Rosetta,MacNeice,Bainton,rbaintoni@google.fr,cM~%F*DvCm,1,12/04/2022,06/02/2023,user
Sawyer,Noods,Lukes,slukesj@canalblog.com,eUM(?L=uT,1,10/14/2022,01/17/2023,manager
Brandy,Dayer,Goligher,bgoligherk@zimbio.com,qPQ.M($07M(B3,1,12/21/2022,11/27/2022,user
Terrence,Klimke,Lacroix,tlacroixl@photobucket.com,lF8Wn3?9tjGS,1,04/09/2023,02/09/2023,manager
Dominica,Beidebeke,Chettoe,dchettoem@guardian.co.uk,yZ_55Orstk#MM,1,02/25/2023,06/05/2023,manager
Briano,Semrad,Obell,bobelln@foxnews.com,hNR71?I*$b,1,06/10/2023,12/09/2022,user
Mina,Oldham,Slatcher,mslatchero@zimbio.com,fYFC9.155,1,04/11/2023,10/12/2022,manager
Ilario,Gutherson,Seth,isethp@diigo.com,"eGKB',}Lx|0NZ<!",1,06/06/2023,09/09/2022,user
Kerry,Hurl,Grelak,kgrelakq@lulu.com,qC9?c6c\t@,1,10/26/2022,07/03/2023,manager
Marcos,Kreuzer,Winchurst,mwinchurstr@wisc.edu,gQ+l4)BtQ>kh>/'V,1,12/04/2022,02/15/2023,user
Kizzee,McGinlay,Cuttles,kcuttless@canalblog.com,zW9W4Vv8NYur,1,06/30/2023,08/14/2023,manager
Cacilia,Bryce,Hamflett,chamflettt@posterous.com,sNKq47BcSi,1,06/12/2023,07/03/2023,manager
Forbes,Petronis,Arundell,farundellu@engadget.com,"qV,qyDR`Ud91GaN",1,09/28/2022,08/08/2023,user
Dov,Fitzroy,Rawkesby,drawkesbyv@netlog.com,rO<Op8$2G,1,05/21/2023,10/23/2022,user
Neill,Corten,Van Haeften,nvanhaeftenw@smh.com.au,kPVu|8#vpc+,1,01/02/2023,06/20/2023,user
Jamey,Folliott,Sprigg,jspriggx@smh.com.au,kCVgAIrAnbw5L@v,1,08/25/2022,12/01/2022,manager
Riley,Hayer,Kremer,rkremery@prlog.org,"hY3gJMnJ$7,Ua#q",1,06/04/2023,01/01/2023,user
Halie,Druce,Broz,hbrozz@g.co,fMV1eMAXuA>GHi,1,01/10/2023,11/29/2022,user
Mitzi,Kitchenman,Gorrissen,mgorrissen10@devhub.com,fZPbFab},1,08/29/2022,07/14/2023,manager
Katti,Jimeno,Nassie,knassie11@shutterfly.com,hZgB.|z/Q`+ic|Dp,1,06/01/2023,07/31/2023,user
Kevyn,Pharaoh,Collidge,kcollidge12@sun.com,wUg763p|S,1,08/24/2022,09/23/2022,manager
Lyell,Flemmich,Pryde,lpryde13@sun.com,pMMww6ON\fH%,1,10/31/2022,04/02/2023,user
Ky,Sandercock,Goldsmith,kgoldsmith14@shareasale.com,"qP>\GzD,K",1,09/25/2022,07/06/2023,manager
Cornelius,Chrismas,Axtell,caxtell15@theglobeandmail.com,xTVVqTIb,1,12/26/2022,07/05/2023,user
Robinett,Gurys,Summerlee,rsummerlee16@pagesperso-orange.fr,sM{_SN'X82`_*'v,1,05/16/2023,12/27/2022,user
Kippar,Gibbonson,Allone,kallone17@icio.us,nF.bWHne=,1,03/07/2023,08/24/2022,manager
Ernie,Dinneen,Hunnable,ehunnable18@blinklist.com,kK2SiD#hl()3W@,1,09/20/2022,05/17/2023,manager
Brantley,Strivens,McCord,bmccord19@newyorker.com,wLJE}dRsZ,1,05/18/2023,09/04/2022,user
Derrek,Scimoni,Syvret,dsyvret1a@over-blog.com,xTywK=haY,1,07/04/2023,04/05/2023,manager
Roxana,O'Shevlin,Paull,rpaull1b@sun.com,lLx!br)rf(,1,10/10/2022,08/06/2023,user
Tiena,Iacovides,Wicklen,twicklen1c@cdbaby.com,oI.C+0~fV|Bi{&j,1,07/22/2023,06/27/2023,user
Fan,Benezet,Ongin,fongin1d@ed.gov,qI8RB0oB,1,11/01/2022,08/18/2023,user
Bianca,Triebner,Renfree,brenfree1e@oakley.com,eA?jt`|m+$$Hm9,0,08/09/2023,12/18/2022,manager
Cosetta,Loomes,Nobbs,cnobbs1f@msn.com,bZAfz2lzB/X!,1,03/25/2023,12/31/2022,user
Valentine,Lusher,Furnell,vfurnell1g@github.io,"hM""NJ#VWeby7NC&",1,09/04/2022,08/15/2023,manager
Renelle,Fidal,Exter,rexter1h@paypal.com,"dM3}uxm>N&g(Gl""",1,04/12/2023,01/27/2023,user
Annice,Filppetti,Karle,akarle1i@google.com.hk,"eUw,Rc>y",1,08/10/2023,06/11/2023,manager
Ferris,Admans,Giacomuzzo,fgiacomuzzo1j@tinypic.com,gXi>NtuZ&U,1,06/30/2023,11/03/2022,manager
Estrellita,Dalston,Faers,efaers1k@histats.com,qKNfDas*O,1,01/26/2023,10/25/2022,manager
Constantino,Silman,Schlagh,cschlagh1l@lycos.com,aNY+Aw'STilXcrIV,1,03/02/2023,10/25/2022,manager
Karlyn,Essel,Bolingbroke,kbolingbroke1m@ebay.com,"kABs,z4}eQ",1,09/22/2022,12/22/2022,manager
Samuele,Trodler,Shepheard,sshepheard1n@omniture.com,qP@3d`+WF6G6,1,12/06/2022,03/04/2023,manager
Bevon,Penhall,Orpen,borpen1o@wikia.com,bVNYPf!Do,1,08/09/2023,07/21/2023,user
Gibby,Fullick,Rowat,growat1p@java.com,lU|Sup75d(,1,12/08/2022,09/21/2022,manager
Madella,Managh,Cordner,mcordner1q@noaa.gov,aJU{$%V7,1,12/16/2022,09/16/2022,user
Korney,Bertot,Huitson,khuitson1r@webeden.co.uk,zM@.s?&kB2(+0,1,04/20/2023,10/30/2022,user
Ashlan,Povall,D'Oyly,adoyly1s@home.pl,cJ`9|ru3.'H,1,03/24/2023,11/28/2022,manager
Constanta,Livingstone,Stoyell,cstoyell1t@deviantart.com,nXr4hP6_cm#DW<,1,01/27/2023,05/24/2023,user
Nikolos,Rumble,Seater,nseater1u@marketwatch.com,"rQ""#d7,bNco""{u",1,05/16/2023,04/07/2023,user
Gwenneth,Georgievski,MacAindreis,gmacaindreis1v@sitemeter.com,oW3OFp31P/cR.?m,1,01/25/2023,10/27/2022,manager
Madelyn,Helkin,Lanphier,mlanphier1w@usgs.gov,cBqxld`9@,1,08/15/2023,12/29/2022,user
Emalee,Priter,Slay,eslay1x@engadget.com,"nPAZpe,HR%&_>2n",1,12/17/2022,01/05/2023,user
Catlaina,Arnot,Armin,carmin1y@upenn.edu,"qNbX<MjE\bdfk""",1,03/16/2023,05/06/2023,user
Curcio,Schermick,Johanssen,cjohanssen1z@trellian.com,"oYe""u{(c",1,06/09/2023,08/24/2022,manager
Leonerd,McGrann,Gosson,lgosson20@digg.com,eU=C+VjxZK23fX,1,10/01/2022,12/02/2022,user
Andree,Szubert,Swallwell,aswallwell21@xing.com,sNTq?aec>*N(WSS,1,11/25/2022,03/18/2023,user
Ellsworth,Kersley,Havelin,ehavelin22@whitehouse.gov,gW5aLydSFT6un,1,01/19/2023,10/16/2022,user
Vikki,Brommage,Dimitrijevic,vdimitrijevic23@opera.com,pWOHNCvP4,1,08/24/2022,07/01/2023,user
Luca,Spitaro,Cranna,lcranna24@artisteer.com,sLCgqUAI&9Tl_60,1,08/12/2023,06/25/2023,user
Valencia,Borer,Begent,vbegent25@artisteer.com,"lL,yc6@2H5|",1,09/21/2022,11/01/2022,manager
Sonni,Bayston,Ousley,sousley26@pbs.org,wTJ9yLuzZdhYho,1,05/04/2023,03/17/2023,manager
Melba,Bartoletti,Shower,mshower27@hc360.com,pX9D`etGCc,1,11/01/2022,03/02/2023,manager
Nap,Beak,Vidgeon,nvidgeon28@behance.net,qS~B.JwVspZDT@,1,09/30/2022,09/09/2022,user
Godiva,Morkham,Toffanelli,gtoffanelli29@ucoz.ru,vJEm9%Kkpe/,1,08/15/2023,04/10/2023,manager
Galen,Python,Ellcome,gellcome2a@wisc.edu,sZKC{Pk_cQ6sKm,1,07/22/2023,03/15/2023,user
Jenica,Balassa,McTerlagh,jmcterlagh2b@xing.com,xKK<74uIb7y3y,1,02/07/2023,11/27/2022,manager
Wakefield,Feasey,Pitts,wpitts2c@yellowbook.com,zX)qi$@$WM,1,05/17/2023,04/26/2023,manager
Land,Abarough,Gippes,lgippes2d@vk.com,vS.3t/9jJd3#JxJ=,1,12/25/2022,05/12/2023,manager
Josefa,Edworthy,Sheryne,jsheryne2e@chronoengine.com,aK(@Uh`AXdH,1,10/26/2022,04/14/2023,manager
Cherrita,Capron,Radenhurst,cradenhurst2f@wsj.com,tUdNwX!l,1,06/01/2023,10/14/2022,manager
Linda,Dederich,Beartup,lbeartup2g@sciencedirect.com,jSYhf9SgR(HsSo1_,1,04/05/2023,08/02/2023,user
Clemence,Davitt,Fosse,cfosse2h@umn.edu,"qT{k,TF0<4)T0",1,04/17/2023,11/20/2022,manager
Kristy,Hammett,Manlow,kmanlow2i@kickstarter.com,pXuP}P?5L\Pu2,1,10/25/2022,12/05/2022,user
Hercules,Read,Pitt,hpitt2j@bloglovin.com,nVxbfhv8nB,1,02/22/2023,11/06/2022,manager
Linus,Bonnette,Fullager,lfullager2k@ifeng.com,pH`=qiY\,1,03/12/2023,03/10/2023,user
Eran,Leall,Drei,edrei2l@feedburner.com,kSkm\XDjT~HxQ,1,05/31/2023,11/20/2022,user
Vi,Ridley,Moorey,vmoorey2m@nytimes.com,dP(wmA?X,1,02/23/2023,01/29/2023,user
Aubrey,Pinnijar,Sydney,asydney2n@pbs.org,dF!?v8D}Yr3t$,1,12/15/2022,01/26/2023,manager
Dwight,Robertot,Pedley,dpedley2o@sohu.com,zK#U=P(o#xV+\}F,1,11/19/2022,11/29/2022,manager
Lind,Shutler,Doust,ldoust2p@myspace.com,"xT""_m8zl",1,04/06/2023,03/29/2023,manager
Engracia,MacEvilly,Castan,ecastan2q@ted.com,cCN9qnAGVZQ+S3,1,07/13/2023,06/29/2023,manager
Benjamin,Sparks,Jerisch,bjerisch2r@quantcast.com,"gHk@,6Ph!eiF",1,07/07/2023,07/28/2023,manager
